#psms,#files,plain_peptide,proteins
2446,38,FFESFGDLSTPDAVMGNPK,F8W6P5 P68871 A0A2R8Y7R2 F8W6P5 P68871 A0A2R8Y7R2 
1606,35,NDGYLMFQQVPMVEIDGMK,P09210 P09210 P08263 P09210 P09210 P08263 P08263 P08263 P09210 P09210 P08263 P08263 P08263 P08263 P09210 P09210 
1066,38,DLYANTVLSGGTTMYPGIADR,P60709 E7EVS6 A0A2R8Y793 P63261 A0A6Q8PFE4 A0A804GS07 A0A2R8Y793 P63261 I3L4N8 P60709 E7EVS6 A0A804GS07 I3L4N8 A0A6Q8PFE4 
906,38,TTGIVMDSGDGVTHTVPIYEGYALPHAILR,E7EVS6 P63261 I3L3I0 E7EVS6 P60709 A0A6Q8PFE4 A0A2R8YEA7 Q562R1 CONFLICTP63261 A0A2R8Y793 A0A2R8YEA7 P60709 Q562R1 I3L4N8 I3L4N8 A0A804GS07 A0A6Q8PFE4 A0A804GS07 I3L3I0 I3L1U9 I3L1U9 A0A2R8Y793 
861,37,SVTELNGDIITNTMTLGDIVFK,P07148 Q9NQV6-6 P07148 Q9NQV6-6 
821,38,MFLSFPTTK,A0A2R8Y7C0 P69905 G3V1N2 G3V1N2 A0A2R8Y7C0 
760,38,ALMLQGVDLLADAVAVTMGPK,A0A7I2V369 A0A7I2V5K3 A0A7I2V599 C9JCQ4 C9JL25 A0A7I2V5M1 A0A7I2V5M1 A0A7I2V599 A0A7I2V5K3 A0A7I2V5K3 A0A7I2V2X6 P10809 A0A7I2YQ71 P10809-2 E7EXB4 A0A7I2V369 A0A7I2YQK6 E7ESH4 A0A7I2V5M1 A0A7I2YQK6 A0A7I2YQK6 E7EXB4 E7EXB4 C9JCQ4 C9JL25 C9JL19 P10809 A0A7I2V2X6 A0A7I2V2X6 A0A7I2V599 C9J0S9 E7ESH4 P10809-2 C9JL19 A0A7I2V599 C9JCQ4 A0A7I2YQ71 A0A7I2V369 A0A7I2V369 C9JL25 C9J0S9 E7ESH4 A0A7I2YQK6 C9JL19 A0A7I2V2X6 A0A7I2YQ71 C9JL19 P10809 C9JL25 E7ESH4 C9JCQ4 C9J0S9 P10809-2 P10809 P10809-2 A0A7I2V5M1 E7EXB4 A0A7I2V5K3 C9J0S9 A0A7I2YQ71 
732,36,GGMGSGGLATGIAGGLAGMGGIQNEKETMQSLNDR,P05783 F8VZY9 P05783 F8VZY9 F8VZY9 P05783 F8VZY9 F8VZY9 P05783 F8VZY9 F8VZY9 P05783 P05783 P05783 P05783 F8VZY9 
708,37,YQLQSQENFEAFMK,A8MW49 P07148 A8MW49 P07148 
707,36,IMAAGGLQMIGSMSK,P21549 P21549 P21549 P21549 P21549 P21549 P21549 P21549 
703,38,VVDLMAHMASKE,P04406-2 E7EUT5 P04406 E7EUT5 E7EUT5 P04406-2 P04406 P04406 
689,37,LVADFMAK,P00325-2 P00325 V9HW50 V9HW50 P00325 P00325-2 P00326 P00326 D6RHZ6 P07327 P07327 D6RHZ6 
669,38,LLVVYPWTQR,E9PFT6 E9PEW8 P02042 F8W6P5 P68871 A0A2R8Y7X9 P69891 P69892 P02100 A0A2R8Y7R2 
668,38,EITALAPSTMK,P60709 A0A6Q8PFE4 E7EVS6 A0A804HKV3 P63267 A6NL76 P62736 P62736 I3L4N8 P63267 A0A804HKV3 P63261 A0A2R8YFE2 P60709 P68032 P68133 P63261 P63267-2 A0A6Q8PFE4 A6NL76 I3L4N8 P68032 P68133 A0A2R8YFE2 P63267-2 A0A804GS07 A0A804GS07 E7EVS6 
666,38,YPIEHGLITNWDDMEK,P68133 P68133 P63267 F6QUT6 P62736 P68133 P68032 C9JFL5 A0A804HKV3 A6NL76 P63267 F6QUT6 P68133 P68032 A0A804HKV3 F6UVQ4 P62736 C9JFL5 A6NL76 F6UVQ4 
657,37,GLNSESMTEETLKR,P31327-3 P31327 P31327 A0A669KBF2 P31327-2 P31327-3 P31327-2 A0A669KBF2 
643,38,DLTDYLMK,P63267 Q562R1 P63261 A0A804GS07 P62736 P63267 A0A804HKV3 P68133 A0A2R8YEA7 I3L3I0 I3L4N8 P63261 A6NL76 A0A2R8Y793 A0A804GS07 Q562R1 E7EVS6 P68032 I3L4N8 A6NL76 I3L3I0 E7EVS6 I3L1U9 A0A6Q8PFE4 A0A6Q8PFE4 A0A2R8YEA7 P60709 A0A2R8Y793 I3L1U9 A0A804HKV3 P68032 P62736 P63267-2 P60709 P63267-2 P68133 
581,38,AMGIMNSFVNDIFER,O60814 P06899 P62807 Q5QNW6-2 Q16778 P57053 Q16778 Q8N257 Q5QNW6 Q93079 Q5QNW6 Q99880 P58876 O60814 Q5QNW6 Q99879 Q93079 P33778 P57053 Q99879 P33778 Q99877 P06899 U3KQK0 Q93079 P33778 Q99877 P58876 Q99877 Q93079 Q8N257 P58876 Q5QNW6 Q99880 Q8N257 Q5QNW6-2 P62807 P06899 P33778 Q99880 P62807 Q5QNW6-2 U3KQK0 Q99877 O60814 U3KQK0 P57053 P23527 P23527 O60814 U3KQK0 P23527 Q16778 Q99879 Q16778 Q99879 Q99880 P57053 P58876 Q5QNW6-2 Q8N257 P62807 P23527 P06899 
560,38,VETGVLKPGMVVTFAPVNVTTEVK,A0A7I2V5N4 A0A087WVQ9 A0A7I2V3H3 A0A7I2V5N4 P68104 A0A7I2V659 A0A087WVQ9 Q5VTE0 A0A7I2V659 Q5VTE0 A0A7I2V3H3 P68104 
550,38,WGDAGAEYVVESTGVFTTMEK,P04406-2 E7EUT5 P04406-2 P04406 E7EUT5 P04406 
538,38,VADALTNAVAHVDDMPNALSALSDLHAHK,P69905 A0A2R8Y7C0 A0A2R8Y7C0 G3V1N2 G3V1N2 P69905 
531,38,DVFLGMFLYEYAR,B7WNR0 C9JKR2 D6RHD5 P02768 A0A0C4DGB6 P02768-2 A0A0C4DGB6 D6RHD5 P02768 H0YA55 C9JKR2 P02768-2 B7WNR0 H0YA55 
525,36,TVLMNPNIASVQTNEVGLK,P31327-2 P31327-2 P31327-3 P31327 P31327 P31327-3 
509,37,GILAADESVGTMGNR,P05062 P05062 A0A3B3IS80 A0A3B3ITZ0 A0A3B3IS80 A0A3B3ITZ0 
504,38,AVMDDFAAFVEK,C9JKR2 D6RHD5 P02768-2 P02768 A0A087WWT3 H0YA55 B7WNR0 B7WNR0 D6RHD5 A0A0C4DGB6 H0YA55 P02768-3 P02768 C9JKR2 P02768-3 P02768-2 A0A0C4DGB6 A0A087WWT3 
486,38,VGAHAGEYGAEALER,A0A2R8Y7C0 P69905 
483,38,VDIVAINDPFIDLNYMVYMFQYDSTHGK,P04406 P04406 P04406 P04406 
483,38,IMQSSSEVGYDAMAGDFVNMVEK,A0A7I2YQK6 A0A7I2V2X6 P10809 A0A7I2V2X6 P10809 A0A7I2V2X6 A0A7I2V599 A0A7I2V599 A0A7I2V2X6 A0A7I2YQK6 A0A7I2YQK6 A0A7I2V2X6 P10809 A0A7I2V599 P10809 A0A7I2V599 A0A7I2YQK6 A0A7I2V599 A0A7I2V599 A0A7I2V599 A0A7I2YQK6 A0A7I2V2X6 A0A7I2V2X6 A0A7I2V599 A0A7I2V2X6 P10809 P10809 P10809 A0A7I2YQK6 A0A7I2YQK6 P10809 A0A7I2YQK6 
474,36,VISHAISEHVEDAGVHSGDATLMLPTQTISQGAIEK,P31327-2 P31327 P31327-2 P31327-3 P31327 P31327-3 
474,33,SVGEVMAIGR,A0A669KBF2 P31327 P31327-3 P31327-2 P31327 P31327-3 A0A669KBF2 P31327-2 
472,37,VKYETELAMR,P05783 F8VZY9 F8VZY9 P05783 
461,38,VFDEFKPLVEEPQNLIK,P02768-3 A0A0C4DGB6 D6RHD5 C9JKR2 B7WNR0 H0YA55 A0A087WWT3 P02768-2 P02768 
456,37,EMTDGGVDFSFEVIGR,V9HW50 D6RHZ6 P07327 P00326 P00325-2 D6RHZ6 P00325 P00326 V9HW50 P07327 P00325-2 P00325 
453,38,NPVNYFAEVEQIAFDPSNMPPGIEASPDK,P04040 P04040 
452,38,GFQQILAGEYDHLPEQAFYMVGPIEEAVAK,P06576 P06576 
451,36,VLGTSVESIMATEDR,A0A669KBF2 P31327-2 P31327 A0A669KBF2 P31327-3 P31327-2 P31327-3 P31327 
424,37,MNYIGQFLPGYEAPAFMDPLLPK,A0A0B4J1R4 P32754-2 P32754 P32754 P32754-2 A0A0B4J1R4 P32754-2 P32754 A0A0B4J1R4 P32754-2 A0A0B4J1R4 P32754 
422,34,IMGTSPLQIDR,P31327-3 P31327-3 A0A669KBF2 P31327-2 P31327-2 P31327 P31327 A0A669KBF2 
418,37,LMFNDFLSASSDTQTSLYK,P54868 P54868 P54868-3 P54868-3 P54868-2 P54868-2 
410,37,DMYQIMDEIKEGIQYVFQTR,P21549 P21549 P21549 P21549 
406,38,VLGAFSDGLAHLDNLK,A0A2R8Y7R2 P68871 P02042 E9PFT6 E9PEW8 F8W6P5 
405,37,MEYDGILIAGGPGNPALAEPLIQNVR,P31327-3 P31327-3 P31327 P31327 
399,33,MRDILNMEK,P31327-2 P31327 P31327-3 P31327 P31327 A0A669KBF2 P31327-3 P31327-3 A0A669KBF2 P31327-2 P31327-3 A0A669KBF2 P31327 A0A669KBF2 P31327-2 P31327-2 
398,38,LAMQEFMILPVGAANFR,A0A2R8Y6G6 P06733-2 P06733 K7EM90 P06733 K7EM90 P06733 K7EM90 P06733-2 K7EM90 A0A2R8Y6G6 A0A2R8Y6G6 P06733-2 P06733-2 P06733 A0A2R8Y6G6 
396,38,GTEAAGAMFLEAIPMSIPPEVK,A0A024R6I7 P01009 P01009 P01009 A0A024R6I7 A0A024R6I7 A0A024R6I7 P01009 
390,37,ESQPLLGTVIDGMLLLK,P23141 P23141-3 H3BSU0 P23141-2 P23141-3 P23141 P23141-2 H3BSU0 
386,38,VIHDNFGIVEGLMTTVHAITATQK,E7EUT5 P04406-2 E7EUT5 P04406-2 P04406 P04406 
385,38,VVAGVANALAHK,P68871 P02042 
384,38,VSPETVDSVIMGNVLQSSSDAIYLAR,A0A0B4J2A4 P42765 P42765 A0A0B4J2A4 
383,38,VKEGMNIVEAMER,P62937 P62937 P62937 P62937-2 P62937-2 P62937-2 P62937-2 P62937 
375,38,KPEDWDEEMDGEWEPPVIQNPEYK,K7EJB9 P27797 K7EL50 P27797 A0A7P0T861 K7EJB9 K7EL50 A0A7P0T861 
370,38,IPSAVGYQPTLATDMGTMQER,H0YI37 H0YI37 F8W0P7 P06576 P06576 F8W0P7 H0YH81 F8W079 F8W079 H0YI37 F8W0P7 H0YH81 P06576 F8W0P7 H0YI37 H0YH81 F8W079 H0YH81 P06576 F8W079 
369,38,EAYMGNVLQGGEGQAPTR,P24752-2 E9PRQ6 H0YEL7 A0A5F9ZHJ7 P24752 P24752 E9PRQ6 A0A5F9ZHL7 H0YEL7 A0A5F9ZHH9 A0A5F9ZHL1 P24752-2 A0A5F9ZHJ7 A0A5F9ZHL7 A0A5F9ZHH9 A0A5F9ZHL1 
368,37,LLEDGEDFNLGDALDSSNSMQTIQK,P05783 P05783 
368,37,GKPIHHFLGTSTFSQYTVVDENAVAK,D6RHZ6 P00325-2 V9HW50 P00325 
364,38,DMAIATGGAVFGEEGLTLNLEDVQPHDLGK,A0A7I2YQK6 A0A7I2V2X6 A0A7I2V599 P10809 A0A7I2V2X6 P10809 A0A7I2YQK6 A0A7I2V599 
362,38,LGAGYPMGPFELLDYVGLDTTK,Q16836-3 Q16836-2 Q16836 A0A1W2PQ78 Q16836-2 Q16836 A0A0A0MSE2 A0A1W2PNM1 A0A804HLB5 A0A0D9SFP2 Q16836-3 A0A0A0MSE2 E9PF18 A0A804HLB5 E9PF18 A0A1W2PQ78 A0A1W2PNM1 A0A0D9SFP2 
360,38,AANDAGYFNDEMAPIEVK,P42765 P42765 K7EME0 A0A0B4J2A4 A0A0B4J2A4 K7EME0 
358,37,GTHMENVYDFYKPNLASEYPIVDGK,P54868-2 P54868 P54868-2 P54868 
351,38,KDLYANTVLSGGTTMYPGIADR,A0A6Q8PFE4 P63261 A0A804GS07 E7EVS6 P60709 A0A6Q8PFE4 I3L4N8 A0A804GS07 A0A2R8Y793 P63261 E7EVS6 P60709 I3L4N8 A0A2R8Y793 
348,37,DAGAPTYMYEFQYRPSFSSDMKPK,P23141-2 P23141-2 P23141 P23141-2 P23141-3 P23141 P23141-3 P23141 P23141-3 P23141 P23141-2 P23141-3 
347,38,IAKEEIFGPVQQIMK,P00352 P00352 
336,35,VMALELGPHK,J3KSZ5 J3KS22 J3QL34 J3KSZ5 Q7Z4W1 Q7Z4W1 J3QL34 J3KS22 J3QS36 J3QS45 J3QS45 J3QS36 
335,38,GYFVQPTVFSNVTDEMR,P00352 P00352 
335,38,RHPYFYAPELLFFAK,A0A0C4DGB6 H0YA55 P02768 H7C013 B7WNR0 D6RHD5 
334,38,DMDLVEVNEAFAPQYLAVER,P42765 P42765 K7EME0 A0A0B4J2A4 A0A0B4J2A4 K7EME0 
332,38,ISVNNVLPVFDNLMQQK,A0A1B0GVP3 A0A1B0GV23 A0A1B0GWE8 A0A1B0GWE8 A0A1B0GVD5 F8WD96 C9JH19 H7C469 A0A1B0GU92 A0A1B0GW44 P07339 P07339 A0A1B0GW44 A0A1B0GU03 A0A1B0GU92 A0A1B0GVP3 F8W787 A0A1B0GU03 A0A1B0GVD5 H7C469 F8WD96 F8W787 A0A1B0GV23 C9JH19 
331,38,GVFHGIENFINEASYMSILGMTPGFGDK,A0A804HJD7 A0A804HJD7 P00367-3 P00367 P00367 A0A804HKE0 P00367-3 A0A804HJD7 P00367-3 A0A804HKE0 P00367-2 P00367 P00367-2 P00367-3 P00367 P00367-2 A0A804HJD7 P00367-2 A0A804HKE0 A0A804HKE0 
328,38,TTSDLLLVMSNLYSLNAGSLTMSEK,Q16851 Q16851 Q16851-2 Q16851 E7EUC7 Q16851 A0A7I2YQ74 A0A7I2YQ74 E7EUC7 E7EUC7 Q16851-2 A0A087WYS1 Q16851-2 A0A087WYS1 A0A087WYS1 E7EUC7 A0A087WYS1 A0A7I2YQ74 A0A7I2YQ74 Q16851-2 
328,38,VALVYGQMNEPPGAR,F8W0P7 H0YH81 P06576 P06576 F8W0P7 H0YH81 
325,37,SRAEAESMYQIK,P05787-2 P05787-2 P05787 P05787 
324,38,ISGGSVVEMQGDEMTR,C9JJE5 C9JLU6 O75874 O75874 C9J4N6 C9J4N6 O75874 C9JLU6 C9JJE5 C9JJE5 C9JLU6 C9JJE5 C9J4N6 C9J4N6 C9JLU6 O75874 
322,36,AADTIGYPVMIR,P31327-2 A0A669KBF2 P31327 A0A669KBF2 P31327-2 P31327-3 P31327 P31327-3 
318,37,TVIGDHGDELFSVFGAPFLK,P23141 P23141-3 P23141-2 
317,38,GILGYTEHQVVSSDFNSDTHSSTFDAGAGIALNDHFVK,P04406-2 P04406 E7EUT5 
315,35,APMFSWPR,P31327 P31327-2 P31327-2 P31327 P31327-3 P31327-3 
314,37,LNDGHFMPVLGFGTYAPAEVPK,P52895 Q04828 B4DK69 P52895 P52895-2 S4R3P0 B4DK69 S4R3P0 P52895-2 Q04828 
314,38,SGVYQHVTGEMMGGHAIR,E9PSG5 E9PHZ5 A0A7I2YQK9 E9PHZ5 A0A7I2V4Z9 P07858 A0A7I2YQK9 A0A7I2V668 A0A7I2V668 A0A7I2V367 A0A7I2V440 E9PHZ5 A0A7I2V367 E9PSG5 A0A7I2V668 A0A7I2V440 R4GMQ5 A0A7I2V440 A0A7I2V4Z9 A0A7I2V4Z9 R4GMQ5 P07858 A0A7I2V367 A0A7I2YQK9 R4GMQ5 P07858 E9PSG5 
313,38,VFPDKEVMLDAALALAAEISSK,Q13011 Q13011 M0R248 M0R248 
310,38,TYFPHFDLSHGSAQVK,A0A2R8Y7C0 P69905 G3V1N2 
309,38,VIISAPSADAPMFVMGVNHEK,P04406-2 E7EUT5 E7EUT5 P04406-2 P04406 P04406-2 P04406 P04406 P04406-2 E7EUT5 E7EUT5 P04406 
309,37,LTGMAFR,P04406 P04406 E7EUT5 P04406-2 O14556 O14556 P04406-2 E7EUT5 
306,38,SLAMEMVLTGDR,P30084 P30084 P30084 P30084 
305,38,KPMVLGHEASGTVEK,Q00796-2 Q00796-2 Q00796 A0A6I8PIS1 A0A6I8PIS1 H0YKB3 Q00796 H0YKB3 
305,38,TIAMDGTEGLVR,H0YH81 P06576 F8W079 P06576 F8W079 H0YH81 
300,35,KPAEDEWGKTPDAMK,P02792 P02792 
300,36,VNAVNPTVVMTSMGQATWSDPHK,J3QRQ2 J3QS36 J3KS22 J3QS36 J3QL34 J3QL34 J3KS22 Q7Z4W1 J3QRQ2 Q7Z4W1 J3QS36 J3QL34 J3KS22 J3QL34 J3QS36 J3QRQ2 Q7Z4W1 J3QRQ2 J3KS22 Q7Z4W1 
299,34,AMLSTGFK,P31327-2 F8VPD4 P27708 P31327-3 P31327 F8VPD4 P31327-3 P31327 P27708 P31327-2 
293,37,RKPDTIEVQQMK,P35241-4 A0A2R8Y5S7 P15311 P26038 P35241-4 A0A2R8Y7M3 P35241-5 P15311 P35241 A0A2R8Y5S7 P35241 A0A2R8Y7M3 P35241-5 P26038 
292,38,DPDAQPGGELMLGGTDSK,A0A1B0GW44 A0A1B0GU03 A0A1B0GU92 A0A1B0GWE8 P07339 A0A1B0GWE8 F8WD96 A0A1B0GU92 A0A1B0GV23 P07339 A0A1B0GVD5 F8WD96 H7C469 A0A1B0GV23 H7C469 F8W787 A0A1B0GVP3 A0A1B0GU03 A0A1B0GVP3 A0A1B0GW44 C9JH19 F8W787 C9JH19 A0A1B0GVD5 
292,36,NFHTVPYMVGINK,H3BSU0 H3BSU0 H3BQR4 P23141-2 P23141 P23141-3 P23141-3 P23141-2 P23141 H3BQR4 
291,32,ISEAFDLMNQGK,P08319-2 P08319 P08319 P08319-2 
290,38,YALQMEQLNGILLHLESELAQTR,P05783 F8VZY9 F8VZY9 P05783 
289,30,LESGMQNMSIHTK,P05787-2 P05787 P05787-2 P05787-2 P05787 P05787 P05787 P05787-2 
286,38,VNVDEVGGEALGR,P68871 F8W6P5 A0A2R8Y7R2 P02042
282,32,EYIIEGFENMPAAFMGMLK,Q14914 Q14914 Q14914 Q14914 Q14914 Q14914 Q14914 Q14914 
279,36,KVADALTNAVAHVDDMPNALSALSDLHAHK,P69905 G3V1N2 A0A2R8Y7C0 A0A2R8Y7C0 P69905 G3V1N2 
278,38,LGPALATGNVVVMK,F8VP50 P05091-2 P05091-2 P05091 F8VP50 P05091 
277,36,VLILGSGGLSIGQAGEFDYSGSQAVK,P31327 P31327-3 
277,37,WTTAPKPTMADELYNQDYPIHSVEDR,A0A6Q8PGA2 H0YMX4 A0A6Q8PHC6 P50440 A0A6Q8PHC6 A0A6Q8PGA2 P50440 P50440-3 P50440-2 H0YMX4 A0A6Q8PFC6 P50440-3 P50440-2 A0A6Q8PFC6 
